district_name,district_code,Subject,number_p_or_a,percent_p_or_a,number_advanced,percent_advanced,number_proficient,percent_proficient,number_ni,percent_ni,number_failing,percent_failure,total_students,year
Abby Kelley Foster Charter Public (District),4450000,Biology,97,90,48,44,49,45,11,10,0,0,108,Before Shutdowns
Abington,10000,Biology,123,65,49,26,74,39,48,26,17,9,188,Before Shutdowns
Academy Of the Pacific Rim Charter Public (District),4120000,Physics,49,71,16,23,33,48,14,20,6,9,69,Before Shutdowns
Acton-Boxborough,6000000,Biology,404,98,297,72,107,26,7,2,2,0,413,Before Shutdowns
Adams-Cheshire,6030000,Biology,44,59,9,12,35,47,20,27,10,14,74,Before Shutdowns
Advanced Math and Science Academy Charter (District),4300000,Biology,151,95,84,53,67,42,5,3,3,2,159,Before Shutdowns
Agawam,50000,Biology,46,79,20,34,26,45,4,7,8,14,58,Before Shutdowns
Agawam,50000,Physics,94,54,12,7,82,47,54,31,26,15,174,Before Shutdowns
Agawam,50000,Technology/Engineering,7,35,0,0,7,35,8,40,5,25,20,Before Shutdowns
Amesbury,70000,Biology,111,79,30,21,81,57,22,16,8,6,141,Before Shutdowns
Amherst-Pelham,6050000,Biology,122,76,60,37,62,39,26,16,13,8,161,Before Shutdowns
Amherst-Pelham,6050000,Chemistry,64,94,51,75,13,19,2,3,2,3,68,Before Shutdowns
Andover,90000,Physics,373,90,189,46,184,44,32,8,10,2,415,Before Shutdowns
Argosy Collegiate Charter School (District),35090000,Physics,56,47,12,10,44,37,49,41,14,12,119,Before Shutdowns
Arlington,100000,Biology,6,40,2,13,4,27,4,27,5,33,15,Before Shutdowns
Arlington,100000,Physics,324,90,223,62,101,28,25,7,11,3,360,Before Shutdowns
Ashburnham-Westminster,6100000,Biology,71,77,26,28,45,49,16,17,5,5,92,Before Shutdowns
Ashland,140000,Biology,177,86,99,48,78,38,24,12,5,2,206,Before Shutdowns
Assabet Valley Regional Vocational Technical,8010000,Biology,163,68,46,19,117,49,64,27,14,6,241,Before Shutdowns
Assabet Valley Regional Vocational Technical,8010000,Physics,33,100,17,52,16,48,0,0,0,0,33,Before Shutdowns
Athol-Royalston,6150000,Biology,37,67,10,18,27,49,12,22,6,11,55,Before Shutdowns
Athol-Royalston,6150000,Technology/Engineering,5,31,0,0,5,31,5,31,6,38,16,Before Shutdowns
Atlantis Charter (District),4910000,Physics,40,53,7,9,33,43,25,33,11,14,76,Before Shutdowns
Attleboro,160000,Biology,3,19,0,0,3,19,4,25,9,56,16,Before Shutdowns
Attleboro,160000,Physics,338,73,149,32,189,41,77,17,45,10,460,Before Shutdowns
Auburn,170000,Biology,142,81,48,27,94,54,26,15,7,4,175,Before Shutdowns
Avon,180000,Biology,24,47,7,14,17,33,20,39,7,14,51,Before Shutdowns
Ayer Shirley School District,6160000,Biology,57,70,19,23,38,46,19,23,6,7,82,Before Shutdowns
Barnstable,200000,Biology,224,69,62,19,162,50,66,20,33,10,323,Before Shutdowns
Barnstable,200000,Physics,40,98,9,22,31,76,0,0,1,2,41,Before Shutdowns
Baystate Academy Charter Public School (District),35020000,Biology,36,55,8,12,28,43,24,37,5,8,65,Before Shutdowns
Bedford,230000,Physics,211,92,131,57,80,35,14,6,5,2,230,Before Shutdowns
Belchertown,240000,Biology,144,87,60,36,84,51,20,12,1,1,165,Before Shutdowns
Bellingham,250000,Biology,108,72,36,24,72,48,33,22,9,6,150,Before Shutdowns
Belmont,260000,Physics,324,96,259,77,65,19,9,3,5,1,338,Before Shutdowns
Berkshire Arts and Technology Charter Public (District),4140000,Biology,28,74,8,21,20,53,8,21,2,5,38,Before Shutdowns
Berkshire Hills,6180000,Biology,115,78,54,36,61,41,31,21,2,1,148,Before Shutdowns
Berlin-Boylston,6200000,Biology,69,95,34,47,35,48,4,5,0,0,73,Before Shutdowns
Beverly,300000,Biology,274,80,97,28,177,51,49,14,21,6,344,Before Shutdowns
Billerica,310000,Biology,267,92,114,39,153,53,19,7,4,1,290,Before Shutdowns
Blackstone Valley Regional Vocational Technical,8050000,Biology,143,88,61,37,82,50,17,10,3,2,163,Before Shutdowns
Blackstone Valley Regional Vocational Technical,8050000,Physics,147,94,95,61,52,33,9,6,1,1,157,Before Shutdowns
Blackstone-Millville,6220000,Biology,88,77,14,12,74,65,19,17,7,6,114,Before Shutdowns
Blue Hills Regional Vocational Technical,8060000,Biology,153,74,47,23,106,51,45,22,10,5,208,Before Shutdowns
Boston,350000,Biology,824,65,338,27,486,38,240,19,208,16,1272,Before Shutdowns
Boston,350000,Chemistry,2,12,0,0,2,12,1,6,14,82,17,Before Shutdowns
Boston,350000,Physics,920,47,269,14,651,33,564,29,471,24,1955,Before Shutdowns
Boston,350000,Technology/Engineering,36,28,1,1,35,27,63,49,29,23,128,Before Shutdowns
Boston Collegiate Charter (District),4490000,Physics,78,90,36,41,42,48,7,8,2,2,87,Before Shutdowns
Boston Day and Evening Academy Charter (District),4240000,Biology,5,45,0,0,5,45,4,36,2,18,11,Before Shutdowns
Boston Green Academy Horace Mann Charter School (District),4110000,Biology,35,49,3,4,32,45,25,35,11,15,71,Before Shutdowns
Boston Preparatory Charter Public (District),4160000,Biology,65,80,19,23,46,57,13,16,3,4,81,Before Shutdowns
Bourne,360000,Biology,76,66,19,17,57,50,31,27,8,7,115,Before Shutdowns
Braintree,400000,Biology,276,93,147,49,129,43,15,5,6,2,297,Before Shutdowns
Braintree,400000,Physics,69,55,9,7,60,48,51,40,6,5,126,Before Shutdowns
Bridgewater-Raynham,6250000,Biology,284,81,82,23,202,58,58,17,8,2,350,Before Shutdowns
Bristol County Agricultural,9100000,Biology,98,84,35,30,63,54,16,14,3,3,117,Before Shutdowns
Bristol-Plymouth Regional Vocational Technical,8100000,Biology,215,63,40,12,175,51,115,33,14,4,344,Before Shutdowns
Brockton,440000,Biology,446,48,121,13,325,35,301,33,175,19,922,Before Shutdowns
Brockton,440000,Technology/Engineering,5,45,0,0,5,45,5,45,1,9,11,Before Shutdowns
Brooke Charter School (District),4280000,Biology,92,97,56,59,36,38,2,2,1,1,95,Before Shutdowns
Brookline,460000,Biology,4,40,0,0,4,40,2,20,4,40,10,Before Shutdowns
Brookline,460000,Chemistry,9,60,6,40,3,20,3,20,3,20,15,Before Shutdowns
Brookline,460000,Physics,478,91,343,65,135,26,42,8,8,2,528,Before Shutdowns
Burlington,480000,Biology,80,82,43,44,37,38,10,10,8,8,98,Before Shutdowns
Burlington,480000,Physics,78,61,21,16,57,45,41,32,9,7,128,Before Shutdowns
Cambridge,490000,Biology,8,44,2,11,6,33,3,17,7,39,18,Before Shutdowns
Cambridge,490000,Chemistry,9,56,3,19,6,38,2,13,5,31,16,Before Shutdowns
Cambridge,490000,Physics,367,76,220,45,147,30,74,15,45,9,486,Before Shutdowns
Canton,500000,Biology,233,91,125,49,108,42,16,6,6,2,255,Before Shutdowns
Cape Cod Regional Vocational Technical,8150000,Technology/Engineering,98,61,10,6,88,55,51,32,12,7,161,Before Shutdowns
Carver,520000,Physics,52,72,12,17,40,56,16,22,4,6,72,Before Shutdowns
Central Berkshire,6350000,Biology,101,80,41,32,60,47,20,16,6,5,127,Before Shutdowns
Chelmsford,560000,Biology,289,83,152,44,137,39,45,13,14,4,348,Before Shutdowns
Chelsea,570000,Biology,124,39,23,7,101,31,108,34,90,28,322,Before Shutdowns
Chicopee,610000,Biology,328,59,83,15,245,44,160,29,66,12,554,Before Shutdowns
City on a Hill Charter Public School Circuit Street (District),4370000,Biology,29,46,5,8,24,38,24,38,10,16,63,Before Shutdowns
City on a Hill Charter Public School Dudley Square (District),35040000,Biology,23,34,1,1,22,33,28,42,16,24,67,Before Shutdowns
City on a Hill Charter Public School New Bedford (District),35070000,Biology,0,0,0,0,0,0,5,42,7,58,12,Before Shutdowns
City on a Hill Charter Public School New Bedford (District),35070000,Physics,8,17,1,2,7,15,18,38,21,45,47,Before Shutdowns
Clinton,640000,Biology,16,55,3,10,13,45,5,17,8,28,29,Before Shutdowns
Clinton,640000,Physics,9,90,5,50,4,40,1,10,0,0,10,Before Shutdowns
Clinton,640000,Technology/Engineering,46,58,4,5,42,53,25,32,8,10,79,Before Shutdowns
Codman Academy Charter Public (District),4380000,Biology,24,60,1,3,23,58,6,15,10,25,40,Before Shutdowns
Cohasset,650000,Physics,100,89,50,45,50,45,11,10,1,1,112,Before Shutdowns
Community Charter School of Cambridge (District),4360000,Physics,48,89,19,35,29,54,5,9,1,2,54,Before Shutdowns
Concord-Carlisle,6400000,Biology,297,98,223,74,74,24,5,2,1,0,303,Before Shutdowns
Danvers,710000,Biology,163,77,56,27,107,51,31,15,17,8,211,Before Shutdowns
Dartmouth,720000,Biology,279,77,67,18,212,58,64,18,21,6,364,Before Shutdowns
Dedham,730000,Biology,129,77,67,40,62,37,24,14,14,8,167,Before Shutdowns
Dennis-Yarmouth,6450000,Biology,150,77,50,26,100,52,34,18,10,5,194,Before Shutdowns
Dennis-Yarmouth,6450000,Physics,32,97,17,52,15,45,1,3,0,0,33,Before Shutdowns
Dighton-Rehoboth,6500000,Biology,324,81,107,27,217,55,63,16,11,3,398,Before Shutdowns
Douglas,770000,Biology,56,86,25,38,31,48,7,11,2,3,65,Before Shutdowns
Douglas,770000,Technology/Engineering,9,33,0,0,9,33,14,52,4,15,27,Before Shutdowns
Dover-Sherborn,6550000,Biology,177,99,119,66,58,32,2,1,0,0,179,Before Shutdowns
Dracut,790000,Biology,174,76,58,25,116,51,42,18,12,5,228,Before Shutdowns
Dudley-Charlton Reg,6580000,Biology,195,75,58,22,137,52,47,18,19,7,261,Before Shutdowns
Duxbury,820000,Biology,215,91,111,47,104,44,19,8,1,0,235,Before Shutdowns
East Bridgewater,830000,Biology,129,73,31,18,98,55,34,19,14,8,177,Before Shutdowns
East Longmeadow,870000,Biology,183,82,70,31,113,50,35,16,6,3,224,Before Shutdowns
Easthampton,860000,Biology,25,86,10,34,15,52,3,10,1,3,29,Before Shutdowns
Easthampton,860000,Physics,15,88,7,41,8,47,2,12,0,0,17,Before Shutdowns
Easton,880000,Biology,3,30,2,20,1,10,2,20,5,50,10,Before Shutdowns
Easton,880000,Physics,239,87,93,34,146,53,33,12,4,1,276,Before Shutdowns
Edward M. Kennedy Academy for Health Careers (Horace Mann Charter) (District),4520000,Biology,55,54,7,7,48,48,39,39,7,7,101,Before Shutdowns
Essex North Shore Agricultural and Technical School District,8170000,Biology,284,87,109,33,175,53,41,13,3,1,328,Before Shutdowns
Everett,930000,Biology,246,57,59,14,187,43,121,28,68,16,435,Before Shutdowns
Everett,930000,Physics,32,80,8,20,24,60,6,15,2,5,40,Before Shutdowns
Excel Academy Charter (District),4100000,Biology,144,84,51,30,93,54,15,9,13,8,172,Before Shutdowns
Fairhaven,940000,Biology,124,82,41,27,83,55,20,13,8,5,152,Before Shutdowns
Fall River,950000,Biology,241,49,55,11,186,38,130,26,125,25,496,Before Shutdowns
Falmouth,960000,Biology,175,81,66,31,109,50,32,15,9,4,216,Before Shutdowns
Fitchburg,970000,Biology,99,54,31,17,68,37,48,26,37,20,184,Before Shutdowns
Fitchburg,970000,Technology/Engineering,25,22,1,1,24,21,61,53,30,26,116,Before Shutdowns
Four Rivers Charter Public (District),4130000,Biology,36,95,18,47,18,47,2,5,0,0,38,Before Shutdowns
Foxborough,990000,Biology,178,90,65,33,113,57,17,9,2,1,197,Before Shutdowns
Foxborough Regional Charter (District),4460000,Biology,61,79,22,29,39,51,14,18,2,3,77,Before Shutdowns
Foxborough Regional Charter (District),4460000,Chemistry,9,75,3,25,6,50,3,25,0,0,12,Before Shutdowns
Foxborough Regional Charter (District),4460000,Physics,12,100,9,75,3,25,0,0,0,0,12,Before Shutdowns
Framingham,1000000,Biology,479,81,210,36,269,46,80,14,32,5,591,Before Shutdowns
Francis W. Parker Charter Essential (District),4780000,Biology,19,79,4,17,15,63,4,17,1,4,24,Before Shutdowns
Franklin,1010000,Biology,399,89,226,50,173,39,35,8,14,3,448,Before Shutdowns
Franklin County Regional Vocational Technical,8180000,Biology,30,68,4,9,26,59,12,27,2,5,44,Before Shutdowns
Franklin County Regional Vocational Technical,8180000,Physics,32,56,7,12,25,44,23,40,2,4,57,Before Shutdowns
Freetown-Lakeville,6650000,Biology,136,86,65,41,71,45,18,11,5,3,159,Before Shutdowns
Frontier,6700000,Technology/Engineering,84,82,16,16,68,66,14,14,5,5,103,Before Shutdowns
Gardner,1030000,Biology,61,50,17,14,44,36,42,34,20,16,123,Before Shutdowns
Gateway,6720000,Biology,14,88,6,38,8,50,1,6,1,6,16,Before Shutdowns
Gateway,6720000,Technology/Engineering,11,52,0,0,11,52,10,48,0,0,21,Before Shutdowns
Georgetown,1050000,Biology,65,92,28,39,37,52,6,8,0,0,71,Before Shutdowns
Georgetown,1050000,Physics,10,100,9,90,1,10,0,0,0,0,10,Before Shutdowns
Gill-Montague,6740000,Biology,31,72,9,21,22,51,10,23,2,5,43,Before Shutdowns
Global Learning Charter Public (District),4960000,Biology,19,83,4,17,15,65,2,9,2,9,23,Before Shutdowns
Gloucester,1070000,Biology,100,70,33,23,67,47,29,20,14,10,143,Before Shutdowns
Gloucester,1070000,Technology/Engineering,40,74,9,17,31,57,10,19,4,7,54,Before Shutdowns
Grafton,1100000,Biology,183,79,69,30,114,49,40,17,9,4,232,Before Shutdowns
Granby,1110000,Biology,56,82,16,24,40,59,9,13,3,4,68,Before Shutdowns
Greater Fall River Regional Vocational Technical,8210000,Biology,256,79,77,24,179,55,59,18,9,3,324,Before Shutdowns
Greater Fall River Regional Vocational Technical,8210000,Physics,27,100,25,93,2,7,0,0,0,0,27,Before Shutdowns
Greater Lawrence Regional Vocational Technical,8230000,Biology,269,69,49,13,220,57,84,22,36,9,389,Before Shutdowns
Greater Lowell Regional Vocational Technical,8280000,Biology,369,66,72,13,297,53,143,26,44,8,556,Before Shutdowns
Greater New Bedford Regional Vocational Technical,8250000,Biology,427,83,102,20,325,63,83,16,7,1,517,Before Shutdowns
Greenfield,1140000,Biology,2,20,0,0,2,20,2,20,6,60,10,Before Shutdowns
Greenfield,1140000,Physics,68,59,28,24,40,34,28,24,20,17,116,Before Shutdowns
Greenfield Commonwealth Virtual District,39010000,Biology,27,55,3,6,24,49,13,27,9,18,49,Before Shutdowns
Groton-Dunstable,6730000,Biology,148,97,97,63,51,33,4,3,1,1,153,Before Shutdowns
Hamilton-Wenham,6750000,Biology,121,90,57,42,64,47,12,9,2,1,135,Before Shutdowns
Hampden Charter School of Science East (District),4990000,Biology,58,82,21,30,37,52,13,18,0,0,71,Before Shutdowns
Hampden Charter School of Science West (District),35160000,Biology,22,69,11,34,11,34,7,22,3,9,32,Before Shutdowns
Hampden-Wilbraham,6800000,Biology,36,95,29,76,7,18,2,5,0,0,38,Before Shutdowns
Hampden-Wilbraham,6800000,Technology/Engineering,145,73,9,5,136,68,45,23,9,5,199,Before Shutdowns
Hampshire,6830000,Biology,76,82,25,27,51,55,16,17,1,1,93,Before Shutdowns
Hanover,1220000,Biology,153,81,44,23,109,57,32,17,5,3,190,Before Shutdowns
Harvard,1250000,Physics,94,94,63,63,31,31,6,6,0,0,100,Before Shutdowns
Hatfield,1270000,Physics,30,70,9,21,21,49,11,26,2,5,43,Before Shutdowns
Haverhill,1280000,Biology,253,60,72,17,181,43,96,23,74,17,423,Before Shutdowns
Hingham,1310000,Biology,317,93,158,46,159,47,19,6,4,1,340,Before Shutdowns
Holbrook,1330000,Physics,48,66,22,30,26,36,20,27,5,7,73,Before Shutdowns
Holliston,1360000,Biology,121,92,62,47,59,45,8,6,2,2,131,Before Shutdowns
Holyoke,1370000,Biology,136,41,20,6,116,35,106,32,92,28,334,Before Shutdowns
Hopedale,1380000,Biology,27,93,16,55,11,38,2,7,0,0,29,Before Shutdowns
Hopedale,1380000,Physics,18,86,6,29,12,57,2,10,1,5,21,Before Shutdowns
Hopedale,1380000,Technology/Engineering,26,70,1,3,25,68,10,27,1,3,37,Before Shutdowns
Hopkinton,1390000,Biology,296,95,217,70,79,25,16,5,0,0,312,Before Shutdowns
Hudson,1410000,Biology,120,79,39,26,81,53,21,14,11,7,152,Before Shutdowns
Hull,1420000,Physics,44,75,15,25,29,49,10,17,5,8,59,Before Shutdowns
Innovation Academy Charter (District),4350000,Biology,91,91,49,49,42,42,5,5,4,4,100,Before Shutdowns
Ipswich,1440000,Biology,127,90,66,47,61,43,11,8,3,2,141,Before Shutdowns
KIPP Academy Lynn Charter (District),4290000,Physics,83,74,20,18,63,56,20,18,9,8,112,Before Shutdowns
King Philip,6900000,Biology,269,88,137,45,132,43,30,10,7,2,306,Before Shutdowns
Lawrence,1490000,Biology,189,28,11,2,178,26,271,40,222,33,682,Before Shutdowns
Lawrence,1490000,Physics,102,78,58,44,44,34,13,10,16,12,131,Before Shutdowns
Lee,1500000,Biology,42,69,11,18,31,51,16,26,3,5,61,Before Shutdowns
Leicester,1510000,Biology,99,73,33,24,66,49,29,21,8,6,136,Before Shutdowns
Lenox,1520000,Biology,39,80,11,22,28,57,6,12,4,8,49,Before Shutdowns
Lenox,1520000,Physics,18,100,17,94,1,6,0,0,0,0,18,Before Shutdowns
Leominster,1530000,Biology,302,67,97,22,205,45,109,24,40,9,451,Before Shutdowns
Leominster,1530000,Technology/Engineering,3,14,0,0,3,14,7,32,12,55,22,Before Shutdowns
Lexington,1550000,Biology,504,96,393,75,111,21,10,2,9,2,523,Before Shutdowns
Lincoln-Sudbury,6950000,Biology,362,92,200,51,162,41,29,7,2,1,393,Before Shutdowns
Littleton,1580000,Biology,91,91,61,61,30,30,6,6,3,3,100,Before Shutdowns
Longmeadow,1590000,Biology,236,93,124,49,112,44,15,6,4,2,255,Before Shutdowns
Lowell,1600000,Biology,397,58,141,21,256,37,169,25,120,17,686,Before Shutdowns
Ludlow,1610000,Biology,44,86,30,59,14,27,2,4,5,10,51,Before Shutdowns
Ludlow,1610000,Physics,133,72,23,13,110,60,38,21,13,7,184,Before Shutdowns
Lunenburg,1620000,Biology,100,84,52,44,48,40,16,13,3,3,119,Before Shutdowns
Lunenburg,1620000,Technology/Engineering,13,68,0,0,13,68,6,32,0,0,19,Before Shutdowns
Lynn,1630000,Biology,642,58,163,15,479,43,294,27,167,15,1103,Before Shutdowns
Lynnfield,1640000,Biology,126,89,65,46,61,43,13,9,3,2,142,Before Shutdowns
MATCH Charter Public School (District),4690000,Biology,51,77,11,17,40,61,12,18,3,5,66,Before Shutdowns
MATCH Charter Public School (District),4690000,Physics,62,63,23,23,39,40,29,30,7,7,98,Before Shutdowns
Malden,1650000,Biology,263,66,113,28,150,38,79,20,56,14,398,Before Shutdowns
Manchester Essex Regional,6980000,Biology,122,91,59,44,63,47,10,7,2,1,134,Before Shutdowns
Mansfield,1670000,Biology,238,87,89,32,149,54,27,10,9,3,274,Before Shutdowns
Marblehead,1680000,Biology,231,90,135,53,96,38,20,8,5,2,256,Before Shutdowns
Marlborough,1700000,Biology,50,64,17,22,33,42,13,17,15,19,78,Before Shutdowns
Marlborough,1700000,Physics,84,58,36,25,48,33,39,27,23,16,146,Before Shutdowns
Marshfield,1710000,Biology,267,82,118,36,149,46,53,16,5,2,325,Before Shutdowns
Martha's Vineyard,7000000,Biology,105,75,32,23,73,52,22,16,13,9,140,Before Shutdowns
Masconomet,7050000,Biology,136,96,105,74,31,22,2,1,3,2,141,Before Shutdowns
Masconomet,7050000,Physics,139,90,67,44,72,47,14,9,1,1,154,Before Shutdowns
Mashpee,1720000,Biology,97,86,38,34,59,52,15,13,1,1,113,Before Shutdowns
Maynard,1740000,Biology,6,55,1,9,5,45,2,18,3,27,11,Before Shutdowns
Maynard,1740000,Physics,58,63,22,24,36,39,20,22,14,15,92,Before Shutdowns
Medfield,1750000,Biology,190,93,108,53,82,40,13,6,2,1,205,Before Shutdowns
Medford,1760000,Biology,74,82,45,50,29,32,8,9,8,9,90,Before Shutdowns
Medford,1760000,Physics,119,55,20,9,99,46,70,32,27,13,216,Before Shutdowns
Medway,1770000,Biology,159,90,87,49,72,41,13,7,4,2,176,Before Shutdowns
Melrose,1780000,Biology,217,90,84,35,133,55,20,8,3,1,240,Before Shutdowns
Mendon-Upton,7100000,Biology,156,88,78,44,78,44,15,8,6,3,177,Before Shutdowns
Methuen,1810000,Biology,349,67,130,25,219,42,111,21,59,11,519,Before Shutdowns
Methuen,1810000,Chemistry,2,20,0,0,2,20,2,20,6,60,10,Before Shutdowns
Middleborough,1820000,Biology,94,72,32,25,62,48,25,19,11,8,130,Before Shutdowns
Milford,1850000,Biology,155,54,43,15,112,39,90,31,41,14,286,Before Shutdowns
Millbury,1860000,Biology,61,61,12,12,49,49,35,35,4,4,100,Before Shutdowns
Millis,1870000,Biology,62,84,14,19,48,65,10,14,2,3,74,Before Shutdowns
Milton,1890000,Biology,246,92,158,59,88,33,19,7,1,0,266,Before Shutdowns
Minuteman Regional Vocational Technical,8300000,Biology,100,79,25,20,75,60,25,20,1,1,126,Before Shutdowns
Minuteman Regional Vocational Technical,8300000,Chemistry,17,100,5,29,12,71,0,0,0,0,17,Before Shutdowns
Mohawk Trail,7170000,Biology,40,68,15,25,25,42,14,24,5,8,59,Before Shutdowns
Monomoy Regional School District,7120000,Physics,117,90,57,44,60,46,12,9,1,1,130,Before Shutdowns
Monson,1910000,Biology,34,85,12,30,22,55,2,5,4,10,40,Before Shutdowns
Montachusett Regional Vocational Technical,8320000,Biology,304,88,120,35,184,53,38,11,4,1,346,Before Shutdowns
Mount Greylock,7150000,Physics,66,86,37,48,29,38,8,10,3,4,77,Before Shutdowns
Mystic Valley Regional Charter (District),4700000,Biology,75,97,30,39,45,58,2,3,0,0,77,Before Shutdowns
Nantucket,1970000,Biology,108,80,42,31,66,49,18,13,9,7,135,Before Shutdowns
Narragansett,7200000,Biology,55,60,19,21,36,39,26,28,11,12,92,Before Shutdowns
Nashoba,7250000,Biology,185,91,109,54,76,37,10,5,8,4,203,Before Shutdowns
Nashoba,7250000,Technology/Engineering,12,57,1,5,11,52,7,33,2,10,21,Before Shutdowns
Nashoba Valley Regional Vocational Technical,8520000,Biology,109,77,36,25,73,51,26,18,7,5,142,Before Shutdowns
Nashoba Valley Regional Vocational Technical,8520000,Physics,29,71,8,20,21,51,11,27,1,2,41,Before Shutdowns
Natick,1980000,Biology,2,15,1,8,1,8,2,15,9,69,13,Before Shutdowns
Natick,1980000,Physics,354,93,245,64,109,29,24,6,3,1,381,Before Shutdowns
Nauset,6600000,Biology,7,58,1,8,6,50,4,33,1,8,12,Before Shutdowns
Nauset,6600000,Physics,173,84,93,45,80,39,26,13,7,3,206,Before Shutdowns
Needham,1990000,Biology,410,91,240,53,170,38,36,8,6,1,452,Before Shutdowns
Neighborhood House Charter (District),4440000,Biology,49,79,6,10,43,69,11,18,2,3,62,Before Shutdowns
New Bedford,2010000,Biology,162,31,16,3,146,27,200,38,169,32,531,Before Shutdowns
New Heights Charter School of Brockton (District),35130000,Biology,63,61,9,9,54,52,28,27,13,13,104,Before Shutdowns
Newburyport,2040000,Biology,166,92,84,47,82,46,9,5,5,3,180,Before Shutdowns
Newton,2070000,Biology,9,64,4,29,5,36,2,14,3,21,14,Before Shutdowns
Newton,2070000,Chemistry,13,72,3,17,10,56,4,22,1,6,18,Before Shutdowns
Newton,2070000,Physics,913,91,638,64,275,28,65,7,21,2,999,Before Shutdowns
Norfolk County Agricultural,9150000,Biology,121,80,30,20,91,60,29,19,1,1,151,Before Shutdowns
North Adams,2090000,Biology,27,50,7,13,20,37,14,26,13,24,54,Before Shutdowns
North Andover,2110000,Biology,303,82,148,40,155,42,54,15,13,4,370,Before Shutdowns
North Attleborough,2120000,Biology,224,85,85,32,139,52,26,10,15,6,265,Before Shutdowns
North Brookfield,2150000,Biology,23,66,6,17,17,49,12,34,0,0,35,Before Shutdowns
North Middlesex,7350000,Biology,127,88,58,40,69,48,15,10,2,1,144,Before Shutdowns
North Middlesex,7350000,Technology/Engineering,48,83,8,14,40,69,10,17,0,0,58,Before Shutdowns
North Reading,2170000,Biology,164,94,77,44,87,50,7,4,4,2,175,Before Shutdowns
Northampton,2100000,Biology,113,85,61,46,52,39,16,12,4,3,133,Before Shutdowns
Northampton-Smith Vocational Agricultural,4060000,Biology,40,63,11,17,29,45,19,30,5,8,64,Before Shutdowns
Northampton-Smith Vocational Agricultural,4060000,Physics,31,50,8,13,23,37,22,35,9,15,62,Before Shutdowns
Northboro-Southboro,7300000,Biology,310,93,179,54,131,39,16,5,6,2,332,Before Shutdowns
Northbridge,2140000,Biology,94,66,18,13,76,54,36,25,12,8,142,Before Shutdowns
Northeast Metropolitan Regional Vocational Technical,8530000,Biology,184,57,24,7,160,49,106,33,35,11,325,Before Shutdowns
Northern Berkshire Regional Vocational Technical,8510000,Biology,86,71,18,15,68,56,31,26,4,3,121,Before Shutdowns
Norton,2180000,Biology,118,73,45,28,73,45,38,24,5,3,161,Before Shutdowns
Norton,2180000,Physics,83,69,24,20,59,49,29,24,8,7,120,Before Shutdowns
Norwell,2190000,Biology,150,94,87,54,63,39,9,6,1,1,160,Before Shutdowns
Norwood,2200000,Biology,187,78,67,28,120,50,42,18,10,4,239,Before Shutdowns
Old Colony Regional Vocational Technical,8550000,Technology/Engineering,109,78,14,10,95,68,28,20,3,2,140,Before Shutdowns
Old Rochester,7400000,Biology,165,83,60,30,105,53,30,15,4,2,199,Before Shutdowns
Oxford,2260000,Biology,21,55,1,3,20,53,10,26,7,18,38,Before Shutdowns
Oxford,2260000,Physics,41,61,14,21,27,40,20,30,6,9,67,Before Shutdowns
Palmer,2270000,Physics,47,77,15,25,32,52,9,15,5,8,61,Before Shutdowns
Pathfinder Regional Vocational Technical,8600000,Technology/Engineering,68,60,7,6,61,54,34,30,12,11,114,Before Shutdowns
Paulo Freire Social Justice Charter School (District),35010000,Biology,19,35,1,2,18,33,17,31,18,33,54,Before Shutdowns
Peabody,2290000,Biology,211,60,53,15,158,45,97,28,44,13,352,Before Shutdowns
Pembroke,2310000,Biology,175,85,69,34,106,52,27,13,3,1,205,Before Shutdowns
Pentucket,7450000,Biology,165,85,66,34,99,51,20,10,9,5,194,Before Shutdowns
Phoenix Academy Public Charter High School Springfield (District),35080000,Biology,0,0,0,0,0,0,4,33,8,67,12,Before Shutdowns
Phoenix Charter Academy (District),4930000,Biology,4,40,0,0,4,40,4,40,2,20,10,Before Shutdowns
Pioneer Charter School of Science (District),4940000,Biology,54,84,22,34,32,50,9,14,1,2,64,Before Shutdowns
Pioneer Charter School of Science II (PCSS-II) (District),35060000,Biology,62,91,36,53,26,38,4,6,2,3,68,Before Shutdowns
Pioneer Valley,7500000,Biology,49,96,17,33,32,63,2,4,0,0,51,Before Shutdowns
Pioneer Valley Chinese Immersion Charter (District),4970000,Biology,41,98,22,52,19,45,1,2,0,0,42,Before Shutdowns
Pioneer Valley Performing Arts Charter Public (District),4790000,Biology,49,88,24,43,25,45,6,11,1,2,56,Before Shutdowns
Pittsfield,2360000,Biology,162,51,35,11,127,40,105,33,51,16,318,Before Shutdowns
Pittsfield,2360000,Physics,44,86,17,33,27,53,4,8,3,6,51,Before Shutdowns
Plymouth,2390000,Biology,431,73,129,22,302,51,118,20,43,7,592,Before Shutdowns
Prospect Hill Academy Charter (District),4870000,Biology,50,61,12,15,38,46,25,30,7,9,82,Before Shutdowns
Quabbin,7530000,Biology,138,82,66,39,72,43,18,11,13,8,169,Before Shutdowns
Quaboag Regional,7780000,Biology,78,81,16,17,62,65,16,17,2,2,96,Before Shutdowns
Quincy,2430000,Biology,556,76,240,33,316,43,130,18,46,6,732,Before Shutdowns
Ralph C Mahar,7550000,Biology,27,49,9,16,18,33,17,31,11,20,55,Before Shutdowns
Randolph,2440000,Biology,73,50,22,15,51,35,48,33,24,17,145,Before Shutdowns
Reading,2460000,Biology,253,86,109,37,144,49,33,11,9,3,295,Before Shutdowns
Revere,2480000,Biology,308,63,109,22,199,41,109,22,69,14,486,Before Shutdowns
Rising Tide Charter Public (District),4830000,Physics,58,79,29,40,29,40,11,15,4,5,73,Before Shutdowns
Rockland,2510000,Biology,94,70,26,19,68,50,31,23,10,7,135,Before Shutdowns
Rockport,2520000,Biology,48,75,15,23,33,52,13,20,3,5,64,Before Shutdowns
Roxbury Preparatory Charter (District),4840000,Biology,133,66,18,9,115,57,48,24,20,10,201,Before Shutdowns
Sabis International Charter (District),4410000,Biology,78,69,18,16,60,53,31,27,4,4,113,Before Shutdowns
Salem,2580000,Biology,97,46,22,10,75,35,70,33,46,22,213,Before Shutdowns
Salem Academy Charter (District),4850000,Biology,56,73,16,21,40,52,15,19,6,8,77,Before Shutdowns
Sandwich,2610000,Biology,58,72,15,19,43,53,19,23,4,5,81,Before Shutdowns
Saugus,2620000,Biology,109,64,40,24,69,41,43,25,18,11,170,Before Shutdowns
Scituate,2640000,Biology,236,91,128,49,108,42,21,8,3,1,260,Before Shutdowns
Seekonk,2650000,Biology,129,83,51,33,78,50,19,12,7,5,155,Before Shutdowns
Sharon,2660000,Physics,284,95,187,63,97,32,11,4,4,1,299,Before Shutdowns
Shawsheen Valley Regional Vocational Technical,8710000,Biology,252,80,90,29,162,51,59,19,4,1,315,Before Shutdowns
Shrewsbury,2710000,Biology,180,97,159,85,21,11,3,2,3,2,186,Before Shutdowns
Shrewsbury,2710000,Physics,231,82,84,30,147,52,46,16,6,2,283,Before Shutdowns
Silver Lake,7600000,Biology,6,55,1,9,5,45,3,27,2,18,11,Before Shutdowns
Silver Lake,7600000,Physics,213,81,103,39,110,42,41,16,9,3,263,Before Shutdowns
Sizer School: A North Central Charter Essential (District),4740000,Biology,1,5,1,5,0,0,11,52,9,43,21,Before Shutdowns
Sizer School: A North Central Charter Essential (District),4740000,Physics,38,83,16,35,22,48,7,15,1,2,46,Before Shutdowns
Somerset Berkley Regional School District,7630000,Physics,184,79,62,26,122,52,37,16,13,6,234,Before Shutdowns
Somerville,2740000,Biology,198,66,73,24,125,42,66,22,34,11,298,Before Shutdowns
South Hadley,2780000,Biology,110,80,30,22,80,58,18,13,9,7,137,Before Shutdowns
South Middlesex Regional Vocational Technical,8290000,Biology,128,67,33,17,95,50,44,23,19,10,191,Before Shutdowns
South Shore Charter Public (District),4880000,Biology,47,68,13,19,34,49,17,25,5,7,69,Before Shutdowns
South Shore Regional Vocational Technical,8730000,Biology,106,74,29,20,77,54,31,22,6,4,143,Before Shutdowns
South Shore Regional Vocational Technical,8730000,Technology/Engineering,15,79,3,16,12,63,2,11,2,11,19,Before Shutdowns
Southbridge,2770000,Biology,1,8,0,0,1,8,4,31,8,62,13,Before Shutdowns
Southeastern Regional Vocational Technical,8720000,Biology,237,74,54,17,183,57,77,24,8,2,322,Before Shutdowns
Southeastern Regional Vocational Technical,8720000,Physics,27,38,6,8,21,29,33,46,12,17,72,Before Shutdowns
Southern Berkshire,7650000,Biology,45,92,22,45,23,47,4,8,0,0,49,Before Shutdowns
Southern Worcester County Regional Vocational Technical,8760000,Biology,216,72,56,19,160,53,69,23,17,6,302,Before Shutdowns
Southwick-Tolland-Granville Regional School District,7660000,Physics,79,64,14,11,65,53,33,27,11,9,123,Before Shutdowns
Spencer-E Brookfield,7670000,Biology,40,66,9,15,31,51,17,28,4,7,61,Before Shutdowns
Springfield,2810000,Biology,443,37,74,6,369,30,401,33,369,30,1213,Before Shutdowns
Springfield,2810000,Physics,142,40,18,5,124,35,130,36,86,24,358,Before Shutdowns
Springfield,2810000,Technology/Engineering,24,32,0,0,24,32,38,51,13,17,75,Before Shutdowns
Stoneham,2840000,Biology,134,75,62,35,72,40,31,17,14,8,179,Before Shutdowns
Stoughton,2850000,Biology,184,77,47,20,137,57,43,18,13,5,240,Before Shutdowns
Sturgis Charter Public (District),4890000,Biology,199,88,97,43,102,45,23,10,3,1,225,Before Shutdowns
Sutton,2900000,Physics,79,81,35,36,44,45,16,16,3,3,98,Before Shutdowns
Swampscott,2910000,Biology,158,84,74,39,84,44,26,14,5,3,189,Before Shutdowns
Swansea,2920000,Physics,108,82,52,40,56,43,16,12,7,5,131,Before Shutdowns
TEC Connections Academy Commonwealth Virtual School District,39020000,Biology,104,49,24,11,80,38,70,33,38,18,212,Before Shutdowns
Tantasqua,7700000,Biology,37,95,24,62,13,33,2,5,0,0,39,Before Shutdowns
Tantasqua,7700000,Physics,108,58,14,7,94,50,63,34,16,9,187,Before Shutdowns
Taunton,2930000,Biology,310,61,84,17,226,44,124,24,74,15,508,Before Shutdowns
Tewksbury,2950000,Biology,167,71,59,25,108,46,52,22,16,7,235,Before Shutdowns
Tri-County Regional Vocational Technical,8780000,Biology,173,79,46,21,127,58,41,19,5,2,219,Before Shutdowns
Triton,7730000,Biology,119,78,35,23,84,55,28,18,6,4,153,Before Shutdowns
Tyngsborough,3010000,Biology,114,88,37,29,77,60,11,9,4,3,129,Before Shutdowns
Upper Cape Cod Regional Vocational Technical,8790000,Biology,132,73,25,14,107,59,40,22,9,5,181,Before Shutdowns
Uxbridge,3040000,Physics,34,92,20,54,14,38,3,8,0,0,37,Before Shutdowns
Uxbridge,3040000,Technology/Engineering,31,62,2,4,29,58,17,34,2,4,50,Before Shutdowns
Wachusett,7750000,Biology,11,48,3,13,8,35,3,13,9,39,23,Before Shutdowns
Wachusett,7750000,Physics,398,92,193,45,205,47,31,7,3,1,432,Before Shutdowns
Wachusett,7750000,Technology/Engineering,11,28,0,0,11,28,19,48,10,25,40,Before Shutdowns
Wakefield,3050000,Biology,208,82,76,30,132,52,35,14,10,4,253,Before Shutdowns
Walpole,3070000,Physics,238,87,124,45,114,42,29,11,6,2,273,Before Shutdowns
Waltham,3080000,Biology,4,31,2,15,2,15,4,31,5,38,13,Before Shutdowns
Waltham,3080000,Physics,237,64,115,31,122,33,84,23,48,13,369,Before Shutdowns
Ware,3090000,Biology,13,48,2,7,11,41,6,22,8,30,27,Before Shutdowns
Wareham,3100000,Biology,31,56,4,7,27,49,13,24,11,20,55,Before Shutdowns
Wareham,3100000,Physics,21,33,2,3,19,30,26,41,16,25,63,Before Shutdowns
Watertown,3140000,Biology,6,32,1,5,5,26,6,32,7,37,19,Before Shutdowns
Watertown,3140000,Physics,115,79,46,32,69,48,24,17,6,4,145,Before Shutdowns
Wayland,3150000,Biology,194,96,119,59,75,37,7,3,1,0,202,Before Shutdowns
Webster,3160000,Biology,42,44,6,6,36,38,27,28,26,27,95,Before Shutdowns
Webster,3160000,Technology/Engineering,1,4,0,0,1,4,14,58,9,38,24,Before Shutdowns
Wellesley,3170000,Biology,1,9,0,0,1,9,1,9,9,82,11,Before Shutdowns
Wellesley,3170000,Chemistry,9,82,3,27,6,55,1,9,1,9,11,Before Shutdowns
Wellesley,3170000,Physics,336,94,237,66,99,28,19,5,2,1,357,Before Shutdowns
West Boylston,3220000,Physics,71,83,31,36,40,47,11,13,4,5,86,Before Shutdowns
West Bridgewater,3230000,Biology,89,86,31,30,58,56,10,10,4,4,103,Before Shutdowns
West Springfield,3320000,Biology,223,72,102,33,121,39,60,19,25,8,308,Before Shutdowns
Westborough,3210000,Biology,270,94,170,59,100,35,13,5,4,1,287,Before Shutdowns
Westborough,3210000,Technology/Engineering,44,88,5,10,39,78,5,10,1,2,50,Before Shutdowns
Westfield,3250000,Biology,87,73,25,21,62,52,15,13,17,14,119,Before Shutdowns
Westfield,3250000,Physics,106,58,21,11,85,46,49,27,28,15,183,Before Shutdowns
Westfield,3250000,Technology/Engineering,73,49,2,1,71,47,63,42,14,9,150,Before Shutdowns
Westford,3260000,Biology,390,97,247,61,143,35,9,2,4,1,403,Before Shutdowns
Weston,3300000,Physics,156,96,91,56,65,40,6,4,0,0,162,Before Shutdowns
Westport,3310000,Biology,61,76,24,30,37,46,15,19,4,5,80,Before Shutdowns
Westwood,3350000,Biology,236,96,162,66,74,30,8,3,3,1,247,Before Shutdowns
Weymouth,3360000,Biology,305,73,128,30,177,42,89,21,26,6,420,Before Shutdowns
Whitman-Hanson,7800000,Biology,228,80,85,30,143,50,46,16,12,4,286,Before Shutdowns
Whittier Regional Vocational Technical,8850000,Biology,439,75,119,20,320,54,121,21,28,5,588,Before Shutdowns
Wilmington,3420000,Biology,73,89,51,62,22,27,4,5,5,6,82,Before Shutdowns
Wilmington,3420000,Physics,88,67,18,14,70,53,28,21,15,11,131,Before Shutdowns
Winchendon,3430000,Biology,39,58,8,12,31,46,20,30,8,12,67,Before Shutdowns
Winchester,3440000,Biology,319,94,204,60,115,34,17,5,3,1,339,Before Shutdowns
Winthrop,3460000,Biology,104,76,37,27,67,49,20,15,13,9,137,Before Shutdowns
Woburn,3470000,Biology,208,76,69,25,139,51,47,17,20,7,275,Before Shutdowns
Worcester,3480000,Biology,820,49,218,13,602,36,490,29,368,22,1678,Before Shutdowns
Worcester,3480000,Physics,20,49,2,5,18,44,11,27,10,24,41,Before Shutdowns
Worcester,3480000,Technology/Engineering,0,0,0,0,0,0,6,35,11,65,17,Before Shutdowns
Abby Kelley Foster Charter Public (District),4450000,Biology,66,69,21,22,45,47,24,25,5,5,95,Post Shutdowns
Abington,10000,Biology,99,70,23,16,76,54,31,22,11,8,141,Post Shutdowns
Academy Of the Pacific Rim Charter Public (District),4120000,Physics,19,25,3,4,16,21,30,40,26,35,75,Post Shutdowns
Acton-Boxborough,6000000,Biology,149,97,135,88,14,9,2,1,2,1,153,Post Shutdowns
Advanced Math and Science Academy Charter (District),4300000,Biology,129,91,65,46,64,45,10,7,2,1,141,Post Shutdowns
Agawam,50000,Biology,58,82,24,34,34,48,6,8,7,10,71,Post Shutdowns
Agawam,50000,Physics,79,48,7,4,72,44,64,39,22,13,165,Post Shutdowns
Amesbury,70000,Biology,84,71,27,23,57,48,23,19,11,9,118,Post Shutdowns
Andover,90000,Biology,8,57,2,14,6,43,3,21,3,21,14,Post Shutdowns
Andover,90000,Physics,294,74,130,33,164,41,87,22,18,5,399,Post Shutdowns
Argosy Collegiate Charter School (District),35090000,Physics,16,28,4,7,12,21,25,43,17,29,58,Post Shutdowns
Arlington,100000,Physics,263,79,127,38,136,41,57,17,14,4,334,Post Shutdowns
Ashburnham-Westminster,6100000,Biology,71,67,23,22,48,45,27,25,8,8,106,Post Shutdowns
Ashland,140000,Biology,71,100,36,51,35,49,0,0,0,0,71,Post Shutdowns
Athol-Royalston,6150000,Biology,7,70,1,10,6,60,3,30,0,0,10,Post Shutdowns
Atlantis Charter (District),4910000,Physics,13,26,2,4,11,22,23,46,14,28,50,Post Shutdowns
Attleboro,160000,Biology,3,21,0,0,3,21,2,14,9,64,14,Post Shutdowns
Attleboro,160000,Physics,276,69,100,25,176,44,85,21,41,10,402,Post Shutdowns
Auburn,170000,Biology,132,79,35,21,97,58,27,16,9,5,168,Post Shutdowns
Avon,180000,Biology,29,59,2,4,27,55,17,35,3,6,49,Post Shutdowns
Ayer Shirley School District,6160000,Biology,60,63,23,24,37,39,28,29,7,7,95,Post Shutdowns
Barnstable,200000,Biology,59,94,25,40,34,54,3,5,1,2,63,Post Shutdowns
Barnstable,200000,Physics,40,93,7,16,33,77,3,7,0,0,43,Post Shutdowns
Baystate Academy Charter Public School (District),35020000,Biology,9,17,1,2,8,15,17,31,28,52,54,Post Shutdowns
Bedford,230000,Physics,144,81,67,38,77,44,29,16,4,2,177,Post Shutdowns
Bellingham,250000,Biology,68,72,24,25,44,46,17,18,10,11,95,Post Shutdowns
Belmont,260000,Physics,264,86,177,58,87,28,31,10,12,4,307,Post Shutdowns
Berkshire Hills,6180000,Biology,96,89,38,35,58,54,5,5,7,6,108,Post Shutdowns
Berlin-Boylston,6200000,Biology,41,91,32,71,9,20,4,9,0,0,45,Post Shutdowns
Beverly,300000,Biology,111,75,47,32,64,43,29,20,8,5,148,Post Shutdowns
Billerica,310000,Biology,198,77,72,28,126,49,44,17,16,6,258,Post Shutdowns
Blackstone Valley Regional Vocational Technical,8050000,Biology,86,96,49,54,37,41,4,4,0,0,90,Post Shutdowns
Blackstone Valley Regional Vocational Technical,8050000,Physics,41,89,14,30,27,59,5,11,0,0,46,Post Shutdowns
Blackstone-Millville,6220000,Biology,4,27,0,0,4,27,7,47,4,27,15,Post Shutdowns
Boston,350000,Biology,708,72,254,26,454,46,183,18,99,10,990,Post Shutdowns
Boston,350000,Physics,129,14,10,1,119,13,308,32,513,54,950,Post Shutdowns
Boston,350000,Technology/Engineering,9,13,0,0,9,13,28,41,32,46,69,Post Shutdowns
Boston Collegiate Charter (District),4490000,Physics,33,46,1,1,32,45,27,38,11,15,71,Post Shutdowns
Boston Preparatory Charter Public (District),4160000,Biology,54,47,2,2,52,45,40,35,21,18,115,Post Shutdowns
Bourne,360000,Biology,47,51,5,5,42,46,31,34,14,15,92,Post Shutdowns
Braintree,400000,Biology,206,96,109,51,97,45,7,3,1,0,214,Post Shutdowns
Braintree,400000,Physics,53,37,2,1,51,36,61,43,29,20,143,Post Shutdowns
Bridgewater-Raynham,6250000,Biology,203,73,47,17,156,56,52,19,22,8,277,Post Shutdowns
Bristol County Agricultural,9100000,Biology,85,75,15,13,70,62,24,21,4,4,113,Post Shutdowns
Bristol-Plymouth Regional Vocational Technical,8100000,Biology,209,64,33,10,176,54,95,29,23,7,327,Post Shutdowns
Brockton,440000,Biology,114,73,21,13,93,59,33,21,10,6,157,Post Shutdowns
Brooke Charter School (District),4280000,Biology,125,89,53,38,72,51,9,6,5,4,140,Post Shutdowns
Brookline,460000,Physics,395,83,170,36,225,47,61,13,22,5,478,Post Shutdowns
Burlington,480000,Biology,154,78,82,41,72,36,29,15,15,8,198,Post Shutdowns
Cambridge,490000,Physics,224,63,100,28,124,35,90,25,40,11,354,Post Shutdowns
Canton,500000,Biology,151,72,69,33,82,39,40,19,18,9,209,Post Shutdowns
Carver,520000,Physics,50,50,6,6,44,44,39,39,12,12,101,Post Shutdowns
Central Berkshire,6350000,Biology,96,81,36,30,60,50,21,18,2,2,119,Post Shutdowns
Chelmsford,560000,Biology,115,98,84,72,31,26,1,1,1,1,117,Post Shutdowns
Chelsea,570000,Biology,129,42,29,9,100,33,93,30,84,27,306,Post Shutdowns
Clinton,640000,Biology,7,70,3,30,4,40,1,10,2,20,10,Post Shutdowns
Clinton,640000,Physics,41,35,3,3,38,33,46,40,29,25,116,Post Shutdowns
Codman Academy Charter Public (District),4380000,Biology,7,17,0,0,7,17,23,55,12,29,42,Post Shutdowns
Cohasset,650000,Physics,83,81,36,35,47,46,18,17,2,2,103,Post Shutdowns
Collegiate Charter School of Lowell (District),35030000,Biology,11,38,5,17,6,21,10,34,8,28,29,Post Shutdowns
Community Charter School of Cambridge (District),4360000,Physics,36,68,7,13,29,55,11,21,6,11,53,Post Shutdowns
Danvers,710000,Biology,151,71,48,23,103,49,50,24,11,5,212,Post Shutdowns
Dartmouth,720000,Biology,179,78,38,17,141,61,42,18,9,4,230,Post Shutdowns
Dedham,730000,Biology,115,72,41,26,74,46,29,18,16,10,160,Post Shutdowns
Dennis-Yarmouth,6450000,Biology,50,75,18,27,32,48,13,19,4,6,67,Post Shutdowns
Dennis-Yarmouth,6450000,Physics,12,50,4,17,8,33,6,25,6,25,24,Post Shutdowns
Dighton-Rehoboth,6500000,Biology,103,74,28,20,75,54,27,19,10,7,140,Post Shutdowns
Douglas,770000,Biology,48,96,14,28,34,68,1,2,1,2,50,Post Shutdowns
Dover-Sherborn,6550000,Biology,167,97,104,60,63,36,5,3,1,1,173,Post Shutdowns
Dracut,790000,Biology,119,66,34,19,85,47,40,22,20,11,179,Post Shutdowns
Dudley-Charlton Reg,6580000,Biology,152,69,43,20,109,50,51,23,17,8,220,Post Shutdowns
Duxbury,820000,Biology,205,87,99,42,106,45,27,11,3,1,235,Post Shutdowns
East Bridgewater,830000,Biology,89,67,20,15,69,52,28,21,16,12,133,Post Shutdowns
East Longmeadow,870000,Biology,72,71,19,19,53,52,24,24,6,6,102,Post Shutdowns
Easton,880000,Physics,198,77,61,24,137,54,41,16,17,7,256,Post Shutdowns
Edward M. Kennedy Academy for Health Careers (Horace Mann Charter) (District),4520000,Biology,33,34,2,2,31,32,40,41,24,25,97,Post Shutdowns
Everett,930000,Biology,146,30,18,4,128,26,211,43,136,28,493,Post Shutdowns
Everett,930000,Physics,8,73,2,18,6,55,2,18,1,9,11,Post Shutdowns
Excel Academy Charter (District),4100000,Biology,79,49,16,10,63,39,60,37,22,14,161,Post Shutdowns
Fairhaven,940000,Biology,89,66,25,19,64,47,39,29,7,5,135,Post Shutdowns
Fall River,950000,Biology,168,34,49,10,119,24,162,33,160,33,490,Post Shutdowns
Falmouth,960000,Biology,135,79,56,33,79,46,25,15,11,6,171,Post Shutdowns
Fitchburg,970000,Biology,58,32,13,7,45,24,64,35,62,34,184,Post Shutdowns
Fitchburg,970000,Physics,30,24,2,2,28,23,40,33,53,43,123,Post Shutdowns
Foxborough,990000,Biology,159,89,61,34,98,55,17,10,2,1,178,Post Shutdowns
Foxborough Regional Charter (District),4460000,Biology,41,55,5,7,36,48,25,33,9,12,75,Post Shutdowns
Foxborough Regional Charter (District),4460000,Physics,11,85,6,46,5,38,2,15,0,0,13,Post Shutdowns
Framingham,1000000,Biology,311,69,124,27,187,41,94,21,48,11,453,Post Shutdowns
Franklin,1010000,Biology,359,90,164,41,195,49,28,7,11,3,398,Post Shutdowns
Freetown-Lakeville,6650000,Biology,134,70,42,22,92,48,49,26,9,5,192,Post Shutdowns
Frontier,6700000,Biology,77,91,28,33,49,58,8,9,0,0,85,Post Shutdowns
Gardner,1030000,Biology,27,30,4,4,23,26,40,45,22,25,89,Post Shutdowns
Gateway,6720000,Biology,10,77,5,38,5,38,1,8,2,15,13,Post Shutdowns
Gateway,6720000,Technology/Engineering,6,19,0,0,6,19,14,44,12,38,32,Post Shutdowns
Georgetown,1050000,Biology,32,100,12,38,20,63,0,0,0,0,32,Post Shutdowns
Global Learning Charter Public (District),4960000,Biology,14,38,0,0,14,38,16,43,7,19,37,Post Shutdowns
Gloucester,1070000,Biology,88,55,25,16,63,40,49,31,22,14,159,Post Shutdowns
Gloucester,1070000,Technology/Engineering,24,75,1,3,23,72,6,19,2,6,32,Post Shutdowns
Grafton,1100000,Biology,155,78,60,30,95,48,32,16,12,6,199,Post Shutdowns
Granby,1110000,Biology,19,46,1,2,18,44,18,44,4,10,41,Post Shutdowns
Greater Lowell Regional Vocational Technical,8280000,Biology,165,88,49,26,116,62,20,11,2,1,187,Post Shutdowns
Greenfield,1140000,Physics,29,43,1,1,28,41,16,24,23,34,68,Post Shutdowns
Groton-Dunstable,6730000,Biology,62,98,42,67,20,32,1,2,0,0,63,Post Shutdowns
Hamilton-Wenham,6750000,Biology,99,85,53,46,46,40,16,14,1,1,116,Post Shutdowns
Hampden Charter School of Science East (District),4990000,Biology,43,58,10,14,33,45,22,30,9,12,74,Post Shutdowns
Hampden Charter School of Science West (District),35160000,Biology,34,60,14,25,20,35,15,26,8,14,57,Post Shutdowns
Hampshire,6830000,Biology,22,96,8,35,14,61,0,0,1,4,23,Post Shutdowns
Hanover,1220000,Biology,138,79,46,26,92,53,29,17,8,5,175,Post Shutdowns
Hatfield,1270000,Biology,10,83,1,8,9,75,1,8,1,8,12,Post Shutdowns
Haverhill,1280000,Biology,203,45,46,10,157,35,148,33,102,23,453,Post Shutdowns
Hingham,1310000,Biology,188,99,119,63,69,36,2,1,0,0,190,Post Shutdowns
Holbrook,1330000,Physics,42,53,15,19,27,34,26,33,11,14,79,Post Shutdowns
Holliston,1360000,Biology,90,89,38,38,52,51,8,8,3,3,101,Post Shutdowns
Hopedale,1380000,Biology,45,100,22,49,23,51,0,0,0,0,45,Post Shutdowns
Hopedale,1380000,Technology/Engineering,15,48,0,0,15,48,12,39,4,13,31,Post Shutdowns
Hudson,1410000,Biology,79,72,30,28,49,45,21,19,9,8,109,Post Shutdowns
Hull,1420000,Physics,37,65,16,28,21,37,12,21,8,14,57,Post Shutdowns
Ipswich,1440000,Biology,88,89,46,46,42,42,8,8,3,3,99,Post Shutdowns
KIPP Academy Lynn Charter (District),4290000,Physics,38,39,4,4,34,35,36,37,19,19,98,Post Shutdowns
Lawrence,1490000,Biology,127,25,7,1,120,23,176,34,211,41,514,Post Shutdowns
Lawrence,1490000,Physics,54,70,4,5,50,65,19,25,4,5,77,Post Shutdowns
Lee,1500000,Biology,27,49,6,11,21,38,20,36,8,15,55,Post Shutdowns
Leicester,1510000,Biology,72,70,17,17,55,53,27,26,4,4,103,Post Shutdowns
Lenox,1520000,Biology,31,78,7,18,24,60,8,20,1,3,40,Post Shutdowns
Lenox,1520000,Physics,22,100,18,82,4,18,0,0,0,0,22,Post Shutdowns
Leominster,1530000,Biology,260,59,63,14,197,45,119,27,61,14,440,Post Shutdowns
Littleton,1580000,Biology,91,91,62,62,29,29,8,8,1,1,100,Post Shutdowns
Longmeadow,1590000,Biology,182,87,83,40,99,47,22,11,5,2,209,Post Shutdowns
Ludlow,1610000,Biology,121,63,19,10,102,53,56,29,15,8,192,Post Shutdowns
Lunenburg,1620000,Biology,44,98,20,44,24,53,1,2,0,0,45,Post Shutdowns
Lynn,1630000,Biology,311,29,31,3,280,26,418,40,328,31,1057,Post Shutdowns
Lynnfield,1640000,Biology,125,86,44,30,81,56,18,12,2,1,145,Post Shutdowns
MATCH Charter Public School (District),4690000,Physics,16,21,0,0,16,21,38,49,23,30,77,Post Shutdowns
Malden,1650000,Biology,123,88,53,38,70,50,9,6,8,6,140,Post Shutdowns
Manchester Essex Regional,6980000,Biology,78,88,30,34,48,54,8,9,3,3,89,Post Shutdowns
Mansfield,1670000,Biology,224,83,87,32,137,51,31,11,15,6,270,Post Shutdowns
Marblehead,1680000,Biology,170,78,76,35,94,43,39,18,8,4,217,Post Shutdowns
Marshfield,1710000,Biology,183,77,54,23,129,54,50,21,4,2,237,Post Shutdowns
Martha's Vineyard,7000000,Biology,32,94,27,79,5,15,2,6,0,0,34,Post Shutdowns
Masconomet,7050000,Biology,107,96,64,57,43,38,5,4,0,0,112,Post Shutdowns
Masconomet,7050000,Physics,93,65,26,18,67,47,44,31,5,4,142,Post Shutdowns
Mashpee,1720000,Biology,34,83,14,34,20,49,7,17,0,0,41,Post Shutdowns
Maynard,1740000,Physics,49,75,22,34,27,42,12,18,4,6,65,Post Shutdowns
Medfield,1750000,Biology,178,99,107,59,71,39,2,1,0,0,180,Post Shutdowns
Medford,1760000,Biology,178,63,68,24,110,39,66,23,40,14,284,Post Shutdowns
Medway,1770000,Biology,122,87,57,41,65,46,15,11,3,2,140,Post Shutdowns
Melrose,1780000,Biology,174,81,65,30,109,51,31,14,10,5,215,Post Shutdowns
Mendon-Upton,7100000,Biology,102,73,43,31,59,42,27,19,10,7,139,Post Shutdowns
Methuen,1810000,Biology,241,57,61,14,180,43,118,28,63,15,422,Post Shutdowns
Milford,1850000,Biology,126,65,28,15,98,51,41,21,26,13,193,Post Shutdowns
Millbury,1860000,Biology,64,56,6,5,58,51,35,31,15,13,114,Post Shutdowns
Millis,1870000,Biology,66,73,11,12,55,61,19,21,5,6,90,Post Shutdowns
Milton,1890000,Biology,256,93,140,51,116,42,14,5,5,2,275,Post Shutdowns
Mohawk Trail,7170000,Biology,22,61,3,8,19,53,11,31,3,8,36,Post Shutdowns
Monomoy Regional School District,7120000,Physics,74,73,25,25,49,49,19,19,8,8,101,Post Shutdowns
Montachusett Regional Vocational Technical,8320000,Biology,241,86,96,34,145,52,37,13,3,1,281,Post Shutdowns
Mount Greylock,7150000,Physics,75,74,28,28,47,47,19,19,7,7,101,Post Shutdowns
Mystic Valley Regional Charter (District),4700000,Biology,102,82,47,38,55,44,19,15,3,2,124,Post Shutdowns
Nantucket,1970000,Biology,86,68,28,22,58,46,25,20,16,13,127,Post Shutdowns
Narragansett,7200000,Biology,50,63,5,6,45,57,17,22,12,15,79,Post Shutdowns
Natick,1980000,Physics,307,84,166,45,141,38,45,12,15,4,367,Post Shutdowns
Nauset,6600000,Physics,125,72,44,25,81,47,42,24,7,4,174,Post Shutdowns
Needham,1990000,Biology,374,89,172,41,202,48,38,9,6,1,418,Post Shutdowns
Neighborhood House Charter (District),4440000,Biology,30,42,5,7,25,35,27,38,15,21,72,Post Shutdowns
New Bedford,2010000,Biology,65,56,14,12,51,44,43,37,9,8,117,Post Shutdowns
New Heights Charter School of Brockton (District),35130000,Biology,30,35,3,4,27,32,36,42,19,22,85,Post Shutdowns
Newburyport,2040000,Biology,171,85,78,39,93,46,22,11,9,4,202,Post Shutdowns
Newton,2070000,Physics,696,79,350,40,346,39,136,15,46,5,878,Post Shutdowns
Norfolk County Agricultural,9150000,Biology,104,68,26,17,78,51,38,25,10,7,152,Post Shutdowns
North Adams,2090000,Biology,11,29,2,5,9,24,16,42,11,29,38,Post Shutdowns
North Andover,2110000,Biology,267,84,111,35,156,49,38,12,12,4,317,Post Shutdowns
North Attleborough,2120000,Biology,183,76,76,31,107,44,48,20,11,5,242,Post Shutdowns
North Brookfield,2150000,Biology,23,53,4,9,19,44,14,33,6,14,43,Post Shutdowns
North Middlesex,7350000,Biology,136,89,55,36,81,53,16,10,1,1,153,Post Shutdowns
North Reading,2170000,Biology,97,76,41,32,56,44,25,20,5,4,127,Post Shutdowns
Northampton,2100000,Biology,80,70,27,23,53,46,22,19,13,11,115,Post Shutdowns
Northboro-Southboro,7300000,Biology,269,88,157,52,112,37,29,10,6,2,304,Post Shutdowns
Northbridge,2140000,Biology,75,63,19,16,56,47,29,24,16,13,120,Post Shutdowns
Northeast Metropolitan Regional Vocational Technical,8530000,Biology,126,46,17,6,109,39,111,40,39,14,276,Post Shutdowns
Northeast Metropolitan Regional Vocational Technical,8530000,Physics,27,47,7,12,20,35,21,37,9,16,57,Post Shutdowns
Norton,2180000,Biology,89,73,29,24,60,49,22,18,11,9,122,Post Shutdowns
Norton,2180000,Physics,28,76,8,22,20,54,9,24,0,0,37,Post Shutdowns
Norwell,2190000,Biology,146,92,74,47,72,45,11,7,2,1,159,Post Shutdowns
Norwood,2200000,Biology,76,90,38,45,38,45,6,7,2,2,84,Post Shutdowns
Old Colony Regional Vocational Technical,8550000,Biology,87,59,15,10,72,49,53,36,8,5,148,Post Shutdowns
Old Rochester,7400000,Biology,135,91,50,34,85,57,12,8,1,1,148,Post Shutdowns
Oxford,2260000,Physics,32,51,8,13,24,38,24,38,7,11,63,Post Shutdowns
Palmer,2270000,Physics,27,53,11,22,16,31,11,22,13,25,51,Post Shutdowns
Peabody,2290000,Biology,184,49,36,10,148,39,125,33,68,18,377,Post Shutdowns
Pembroke,2310000,Biology,149,80,49,26,100,53,33,18,5,3,187,Post Shutdowns
Pentucket,7450000,Biology,112,78,44,31,68,48,25,17,6,4,143,Post Shutdowns
Pioneer Charter School of Science (District),4940000,Biology,51,91,20,36,31,55,4,7,1,2,56,Post Shutdowns
Pioneer Charter School of Science II (PCSS-II) (District),35060000,Biology,48,79,21,34,27,44,13,21,0,0,61,Post Shutdowns
Pioneer Valley Chinese Immersion Charter (District),4970000,Biology,24,80,10,33,14,47,2,7,4,13,30,Post Shutdowns
Pittsfield,2360000,Biology,111,41,22,8,89,33,103,38,57,21,271,Post Shutdowns
Pittsfield,2360000,Physics,36,47,2,3,34,44,22,29,19,25,77,Post Shutdowns
Plymouth,2390000,Biology,376,66,77,14,299,53,145,25,48,8,569,Post Shutdowns
Prospect Hill Academy Charter (District),4870000,Biology,47,52,8,9,39,43,29,32,14,16,90,Post Shutdowns
Quabbin,7530000,Biology,96,66,13,9,83,57,32,22,17,12,145,Post Shutdowns
Quaboag Regional,7780000,Biology,49,64,6,8,43,57,19,25,8,11,76,Post Shutdowns
Quincy,2430000,Biology,314,93,166,49,148,44,20,6,5,1,339,Post Shutdowns
Ralph C Mahar,7550000,Physics,28,49,7,12,21,37,19,33,10,18,57,Post Shutdowns
Randolph,2440000,Biology,51,39,11,8,40,30,35,27,46,35,132,Post Shutdowns
Reading,2460000,Biology,227,78,82,28,145,50,56,19,7,2,290,Post Shutdowns
Revere,2480000,Biology,232,52,61,14,171,38,123,28,90,20,445,Post Shutdowns
Rising Tide Charter Public (District),4830000,Physics,41,57,13,18,28,39,22,31,9,13,72,Post Shutdowns
Rockland,2510000,Biology,88,67,26,20,62,47,29,22,14,11,131,Post Shutdowns
Rockport,2520000,Biology,52,73,10,14,42,59,17,24,2,3,71,Post Shutdowns
Roxbury Preparatory Charter (District),4840000,Biology,76,37,9,4,67,32,74,36,57,28,207,Post Shutdowns
Sabis International Charter (District),4410000,Biology,54,49,7,6,47,43,41,37,15,14,110,Post Shutdowns
Salem,2580000,Biology,68,42,14,9,54,34,53,33,40,25,161,Post Shutdowns
Salem Academy Charter (District),4850000,Biology,45,65,17,25,28,41,14,20,10,14,69,Post Shutdowns
Sandwich,2610000,Biology,72,82,24,27,48,55,15,17,1,1,88,Post Shutdowns
Saugus,2620000,Biology,92,61,13,9,79,52,43,28,17,11,152,Post Shutdowns
Scituate,2640000,Biology,179,84,82,38,97,46,31,15,3,1,213,Post Shutdowns
Seekonk,2650000,Biology,63,98,33,52,30,47,1,2,0,0,64,Post Shutdowns
Sharon,2660000,Physics,202,79,103,40,99,39,45,18,10,4,257,Post Shutdowns
Shrewsbury,2710000,Biology,166,93,127,71,39,22,7,4,6,3,179,Post Shutdowns
Shrewsbury,2710000,Physics,189,70,34,13,155,57,59,22,22,8,270,Post Shutdowns
Silver Lake,7600000,Physics,150,63,43,18,107,45,74,31,14,6,238,Post Shutdowns
Somerset Berkley Regional School District,7630000,Physics,165,70,57,24,108,46,52,22,19,8,236,Post Shutdowns
Somerville,2740000,Biology,159,54,53,18,106,36,77,26,59,20,295,Post Shutdowns
South Hadley,2780000,Biology,82,62,20,15,62,47,39,29,12,9,133,Post Shutdowns
South Middlesex Regional Vocational Technical,8290000,Biology,111,52,33,15,78,36,63,29,41,19,215,Post Shutdowns
South Shore Charter Public (District),4880000,Biology,45,56,10,12,35,43,30,37,6,7,81,Post Shutdowns
South Shore Regional Vocational Technical,8730000,Biology,64,83,18,23,46,60,11,14,2,3,77,Post Shutdowns
South Shore Regional Vocational Technical,8730000,Physics,65,76,13,15,52,60,17,20,4,5,86,Post Shutdowns
Southbridge,2770000,Biology,16,62,1,4,15,58,6,23,4,15,26,Post Shutdowns
Southeastern Regional Vocational Technical,8720000,Biology,195,62,31,10,164,52,84,26,38,12,317,Post Shutdowns
Southeastern Regional Vocational Technical,8720000,Physics,32,55,4,7,28,48,22,38,4,7,58,Post Shutdowns
Southern Worcester County Regional Vocational Technical,8760000,Biology,195,69,42,15,153,54,73,26,15,5,283,Post Shutdowns
Southwick-Tolland-Granville Regional School District,7660000,Physics,46,56,10,12,36,44,28,34,8,10,82,Post Shutdowns
Spencer-E Brookfield,7670000,Biology,31,49,5,8,26,41,23,37,9,14,63,Post Shutdowns
Springfield,2810000,Biology,187,27,26,4,161,23,250,36,257,37,694,Post Shutdowns
Springfield,2810000,Physics,72,28,5,2,67,26,105,41,80,31,257,Post Shutdowns
Stoughton,2850000,Biology,126,91,67,49,59,43,10,7,2,1,138,Post Shutdowns
Sturgis Charter Public (District),4890000,Biology,150,77,49,25,101,52,37,19,7,4,194,Post Shutdowns
Sutton,2900000,Physics,63,75,17,20,46,55,16,19,5,6,84,Post Shutdowns
Swampscott,2910000,Biology,127,84,60,40,67,44,20,13,4,3,151,Post Shutdowns
Swansea,2920000,Physics,95,60,39,25,56,35,47,30,17,11,159,Post Shutdowns
TEC Connections Academy Commonwealth Virtual School District,39020000,Biology,58,75,18,23,40,52,13,17,6,8,77,Post Shutdowns
Tantasqua,7700000,Biology,38,90,19,45,19,45,3,7,1,2,42,Post Shutdowns
Tantasqua,7700000,Physics,99,54,15,8,84,46,63,34,21,11,183,Post Shutdowns
Taunton,2930000,Biology,253,54,64,14,189,41,132,28,80,17,465,Post Shutdowns
Tewksbury,2950000,Biology,147,75,42,21,105,53,40,20,10,5,197,Post Shutdowns
Tri-County Regional Vocational Technical,8780000,Biology,159,70,28,12,131,58,59,26,8,4,226,Post Shutdowns
Triton,7730000,Biology,87,67,26,20,61,47,33,25,10,8,130,Post Shutdowns
Tyngsborough,3010000,Biology,71,78,27,30,44,48,17,19,3,3,91,Post Shutdowns
Upper Cape Cod Regional Vocational Technical,8790000,Biology,103,51,15,7,88,44,72,36,26,13,201,Post Shutdowns
Uxbridge,3040000,Physics,69,65,19,18,50,47,30,28,7,7,106,Post Shutdowns
Wachusett,7750000,Biology,1,9,0,0,1,9,5,45,5,45,11,Post Shutdowns
Wachusett,7750000,Physics,299,71,96,23,203,48,112,26,12,3,423,Post Shutdowns
Wachusett,7750000,Technology/Engineering,5,17,0,0,5,17,17,59,7,24,29,Post Shutdowns
Wakefield,3050000,Biology,150,81,58,31,92,50,27,15,8,4,185,Post Shutdowns
Walpole,3070000,Physics,184,81,53,23,131,57,33,14,11,5,228,Post Shutdowns
Waltham,3080000,Physics,179,50,58,16,121,34,103,29,73,21,355,Post Shutdowns
Wareham,3100000,Biology,10,48,1,5,9,43,9,43,2,10,21,Post Shutdowns
Wareham,3100000,Physics,16,23,0,0,16,23,26,37,29,41,71,Post Shutdowns
Watertown,3140000,Physics,95,62,28,18,67,44,46,30,13,8,154,Post Shutdowns
Wayland,3150000,Biology,189,90,117,56,72,34,18,9,3,1,210,Post Shutdowns
Webster,3160000,Biology,15,21,1,1,14,20,29,41,26,37,70,Post Shutdowns
Wellesley,3170000,Physics,310,89,171,49,139,40,37,11,2,1,349,Post Shutdowns
West Boylston,3220000,Physics,35,67,13,25,22,42,16,31,1,2,52,Post Shutdowns
West Bridgewater,3230000,Biology,73,76,23,24,50,52,16,17,7,7,96,Post Shutdowns
West Springfield,3320000,Biology,193,69,61,22,132,47,57,21,28,10,278,Post Shutdowns
Westborough,3210000,Technology/Engineering,10,77,0,0,10,77,3,23,0,0,13,Post Shutdowns
Westfield,3250000,Biology,100,44,21,9,79,34,84,37,45,20,229,Post Shutdowns
Westfield,3250000,Technology/Engineering,50,36,1,1,49,35,63,45,27,19,140,Post Shutdowns
Westford,3260000,Biology,360,95,215,57,145,38,9,2,11,3,380,Post Shutdowns
Weston,3300000,Physics,140,93,79,52,61,40,11,7,0,0,151,Post Shutdowns
Westport,3310000,Biology,52,65,18,23,34,43,18,23,10,13,80,Post Shutdowns
Westwood,3350000,Biology,201,85,99,42,102,43,31,13,5,2,237,Post Shutdowns
Weymouth,3360000,Biology,96,91,61,58,35,33,6,6,3,3,105,Post Shutdowns
Whitman-Hanson,7800000,Biology,155,70,46,21,109,49,53,24,15,7,223,Post Shutdowns
Whittier Regional Vocational Technical,8850000,Biology,246,74,57,17,189,57,76,23,9,3,331,Post Shutdowns
Wilmington,3420000,Biology,77,86,31,34,46,51,8,9,5,6,90,Post Shutdowns
Wilmington,3420000,Physics,43,53,10,12,33,41,21,26,17,21,81,Post Shutdowns
Winchendon,3430000,Biology,26,41,3,5,23,36,33,52,5,8,64,Post Shutdowns
Winchester,3440000,Biology,308,92,186,56,122,36,20,6,7,2,335,Post Shutdowns
Winthrop,3460000,Biology,80,60,19,14,61,46,35,26,18,14,133,Post Shutdowns
Woburn,3470000,Biology,62,97,40,63,22,34,0,0,2,3,64,Post Shutdowns
Worcester,3480000,Biology,572,42,123,9,449,33,429,32,350,26,1351,Post Shutdowns
Worcester,3480000,Physics,6,9,0,0,6,9,26,40,33,51,65,Post Shutdowns
State Totals,0,Biology,24274,67,8667,24,15607,43,7979,22,4186,11,36440,Post Shutdowns
State Totals,0,Chemistry,7,23,0,0,7,23,4,13,20,65,31,Post Shutdowns
State Totals,0,Physics,7194,62,2692,23,4502,39,2793,24,1581,14,11577,Post Shutdowns
State Totals,0,Technology/Engineering,123,30,2,0,121,30,157,38,130,32,410,Post Shutdowns
